date,lift_reason,det_facility,city,state,detainer_type
2007-10-01 00:00:00,United States Citizen Interviewed,CENTRAL CA WOMEN'S FACILI,CHOWCHILLA,CALIFORNIA,
2007-10-01 00:00:00,United States Citizen Interviewed,NO. KERN STATE PRISON,DELANO,CALIFORNIA,
2007-10-03 00:00:00,United States Citizen Interviewed,"RIKERS ISLAND, QUEENS, NY",ELMHURST,NEW YORK,
2007-10-10 00:00:00,United States Citizen Interviewed,POLLOCK USP,POLLOCK,LOUISIANA,
2007-10-12 00:00:00,United States Citizen Interviewed,ESTILL FED.CORR.INST.,ESTILL,SOUTH CAROLINA,
2007-11-07 00:00:00,United States Citizen Interviewed,N.C. DEPT OF CORRECTIONS,RALEIGH,NORTH CAROLINA,
2007-11-07 00:00:00,United States Citizen Interviewed,OTHER-OTHER FACILITY,,,
2007-11-09 00:00:00,United States Citizen Interviewed,WASCO STATE PRISON,WASCO,CALIFORNIA,
2007-11-14 00:00:00,United States Citizen Interviewed,N.C. DEPT OF CORRECTIONS,RALEIGH,NORTH CAROLINA,
2007-11-27 00:00:00,United States Citizen Interviewed,LAS COLINAS WOMEN DET FAC,SANTEE,CALIFORNIA,
2007-12-06 00:00:00,United States Citizen Interviewed,CENTRAL CA WOMEN'S FACILI,CHOWCHILLA,CALIFORNIA,
2007-12-13 00:00:00,United States Citizen Interviewed,SAN DIEGO COUNTY JAIL,SAN DIEGO,CALIFORNIA,
2007-12-14 00:00:00,United States Citizen Interviewed,LARIMER COUNTY JAIL,FT COLLINS,COLORADO,
2007-12-23 00:00:00,United States Citizen Interviewed,SAN DIEGO COUNTY JAIL,SAN DIEGO,CALIFORNIA,
2007-12-28 00:00:00,United States Citizen Interviewed,HUNTSVILLE STATE P.,HUNTSVILLE,TEXAS,
2008-01-03 00:00:00,United States Citizen Interviewed,HUNTSVILLE STATE P.,HUNTSVILLE,TEXAS,
2008-01-08 00:00:00,United States Citizen Interviewed,SAN DIEGO COUNTY JAIL,SAN DIEGO,CALIFORNIA,
2008-01-09 00:00:00,United States Citizen Interviewed,STATEVILLE CORRECTIONS,JOLIET,ILLINOIS,
2008-01-15 00:00:00,United States Citizen Interviewed,ASPC ALHAMBRA,PHOENIX,ARIZONA,
2008-01-15 00:00:00,United States Citizen Interviewed,ARIZONA STATE PRISON COMP,FLORENCE,ARIZONA,
2008-01-15 00:00:00,United States Citizen Interviewed,ASPC ALHAMBRA,PHOENIX,ARIZONA,
2008-01-17 00:00:00,United States Citizen Interviewed,"BEAUMONT FCC, LOW",BEAUMONT,TEXAS,
2008-01-24 00:00:00,United States Citizen Interviewed,FCI VICTORVILLE,VICTORVILLE,CALIFORNIA,
2008-02-01 00:00:00,United States Citizen Interviewed,BSCC GILES DARBY FACILITY,POST,TEXAS,
2008-02-01 00:00:00,United States Citizen Interviewed,"RIKERS ISLAND, QUEENS, NY",ELMHURST,NEW YORK,
2008-02-01 00:00:00,United States Citizen Interviewed,OKLAHOMA COUNTY JAIL,OKLAHOMA CITY,OKLAHOMA,
2008-02-11 00:00:00,United States Citizen Interviewed,PASSAIC COUNTY JAIL,PATERSON,NEW JERSEY,
2008-02-12 00:00:00,United States Citizen Interviewed,MORGANTOWN FED.CORR.INST.,MORGANTOWN,WEST VIRGINIA,
2008-02-12 00:00:00,United States Citizen Interviewed,N.C. DEPT OF CORRECTIONS,RALEIGH,NORTH CAROLINA,
2008-02-21 00:00:00,United States Citizen Interviewed,AVENAL STATE PRISON,AVENAL,CALIFORNIA,
2008-02-27 00:00:00,United States Citizen Interviewed,ASPC ALHAMBRA,PHOENIX,ARIZONA,
2008-03-06 00:00:00,United States Citizen Interviewed,N.C. DEPT OF CORRECTIONS,RALEIGH,NORTH CAROLINA,
2008-03-07 00:00:00,United States Citizen Interviewed,AZ DEPT OF CORRECTIONS,PHOENIX,ARIZONA,
2008-03-11 00:00:00,United States Citizen Interviewed,BOSTON POLICE DEPT,BOSTON,MASSACHUSETTS,
2008-03-13 00:00:00,United States Citizen Interviewed,PINE PRAIRIE CORRECTIONAL CENTER,PINE PRAIRIE,LOUISIANA,
2008-03-21 00:00:00,United States Citizen Interviewed,SUFFOLK HOC SBAY,BOSTON,MASSACHUSETTS,
2008-03-24 00:00:00,United States Citizen Interviewed,OTHER-OTHER FACILITY,,,
2008-03-25 00:00:00,United States Citizen Interviewed,WESTERN IL. CORRECTIONAL,WESTERN,ILLINOIS,
2008-03-27 00:00:00,United States Citizen Interviewed,WASHOE COUNTY JAIL,RENO,NEVADA,
2008-03-28 00:00:00,United States Citizen Interviewed,SANTA RITA JAIL,DUBLIN,CALIFORNIA,
2008-04-02 00:00:00,United States Citizen Interviewed,LEAVENWORTH USP,LEAVENWORTH,KANSAS,
2008-04-04 00:00:00,United States Citizen Interviewed,BEXAR COUNTY JAIL,SAN ANTONIO,TEXAS,
2008-04-07 00:00:00,United States Citizen Interviewed,ENGLEWOOD FED.CORR.INST.,LITTLETON,COLORADO,
2008-04-07 00:00:00,United States Citizen Interviewed,BSCC GILES DARBY FACILITY,POST,TEXAS,
2008-04-09 00:00:00,United States Citizen Interviewed,OTHER-OTHER FACILITY,,,
2008-04-11 00:00:00,United States Citizen Interviewed,"ACI, CRANSTON RI",CRANSTON,RHODE ISLAND,
2008-04-17 00:00:00,United States Citizen Interviewed,"ACI, CRANSTON RI",CRANSTON,RHODE ISLAND,
2008-04-30 00:00:00,United States Citizen Interviewed,VISTA DETENTION FACILITY,VISTA,CALIFORNIA,
2008-05-09 00:00:00,United States Citizen Interviewed,MCI CONCORD,CONCORD,MASSACHUSETTS,
2008-05-10 00:00:00,United States Citizen Interviewed,PALM BEACH COUNTY JAIL,WEST PALM BEACH,FLORIDA,
2008-05-12 00:00:00,United States Citizen Interviewed,PERRYVILLE STATE PRISON,GOODYEAR,ARIZONA,
2008-05-13 00:00:00,United States Citizen Interviewed,OTHER-OTHER FACILITY,,,
2008-05-16 00:00:00,United States Citizen Interviewed,OTHER-OTHER FACILITY,,,
2008-05-20 00:00:00,United States Citizen Interviewed,YAKIMA COUNTY,YAKIMA,WASHINGTON,
2008-06-04 00:00:00,United States Citizen Interviewed,MORGANTOWN FED.CORR.INST.,MORGANTOWN,WEST VIRGINIA,
2008-06-05 00:00:00,United States Citizen Interviewed,MOSHANNON VALLEY CORRECTIONAL,PHILIPSBURG,PENNSYLVANIA,
2008-06-12 00:00:00,United States Citizen Interviewed,GEORGIA DEPT OF CORRECTIO,ATLANTA,GEORGIA,
2008-06-12 00:00:00,United States Citizen Interviewed,SAN DIEGO COUNTY JAIL,SAN DIEGO,CALIFORNIA,
2008-06-13 00:00:00,United States Citizen Interviewed,SAFFORD FED.CORR.INST.,SAFFORD,ARIZONA,
2008-06-14 00:00:00,United States Citizen Interviewed,ARAPAHOE COUNTY JAIL,CENTENNIAL,COLORADO,
2008-06-18 00:00:00,United States Citizen Interviewed,ORANGE COUNTY JAIL,SANTA ANA,CALIFORNIA,
2008-07-03 00:00:00,United States Citizen Interviewed,FAIRFAX CO. ADULT DETENTION CENTER,FAIRFAX,VIRGINIA,
2008-07-09 00:00:00,United States Citizen Interviewed,STANISLAUS COUNTY JAIL,MODESTO,CALIFORNIA,
2008-07-17 00:00:00,United States Citizen Interviewed,VISTA DETENTION FACILITY,VISTA,CALIFORNIA,
2008-07-31 00:00:00,United States Citizen Interviewed,"ACI, CRANSTON RI",CRANSTON,RHODE ISLAND,
2008-08-05 00:00:00,United States Citizen Interviewed,"ACI, CRANSTON RI",CRANSTON,RHODE ISLAND,
2008-08-07 00:00:00,United States Citizen Interviewed,DEUEL VOCATIONAL INSTITUT,TRACY,CALIFORNIA,
2008-08-13 00:00:00,United States Citizen Interviewed,EL PASO COUNTY JAIL (TX),EL PASO,TEXAS,
2008-08-14 00:00:00,United States Citizen Interviewed,OTHER-OTHER FACILITY,,,
2008-08-19 00:00:00,United States Citizen Interviewed,ASHLAND FED.CORR.INST.,ASHLAND,KENTUCKY,
2008-08-27 00:00:00,United States Citizen Interviewed,ASPC ALHAMBRA,PHOENIX,ARIZONA,
2008-08-28 00:00:00,United States Citizen Interviewed,MOSHANNON VALLEY CORRECTIONAL,PHILIPSBURG,PENNSYLVANIA,
2008-09-04 00:00:00,United States Citizen Interviewed,OTHER-OTHER FACILITY,,,
2008-09-04 00:00:00,United States Citizen Interviewed,HUNTSVILLE STATE P.,HUNTSVILLE,TEXAS,
2008-09-07 00:00:00,United States Citizen Interviewed,EAST MESA DETENT FACILITY,SAN DIEGO,CALIFORNIA,
2008-09-15 00:00:00,United States Citizen Interviewed,OTHER-OTHER FACILITY,,,
2008-09-18 00:00:00,United States Citizen Interviewed,ELY STATE PRISON,ELY,NEVADA,
2008-09-25 00:00:00,United States Citizen Interviewed,SALT LAKE COUNTY JAIL,SALT LAKE CITY,UTAH,
2008-09-30 00:00:00,United States Citizen Interviewed,VISTA DETENTION FACILITY,VISTA,CALIFORNIA,
2008-10-06 00:00:00,United States Citizen Interviewed,PETERSBURG FED.CORR.INST.,PETERSBURG,VIRGINIA,
2008-10-16 00:00:00,United States Citizen Interviewed,OAKDALE FED.CORR.INST.,OAKDALE,LOUISIANA,
2008-10-17 00:00:00,United States Citizen Interviewed,"ACI, CRANSTON RI",CRANSTON,RHODE ISLAND,
2008-10-21 00:00:00,United States Citizen Interviewed,GEORGE BAILEY DETENT FACI,SAN DIEGO,CALIFORNIA,
2008-11-06 00:00:00,United States Citizen Interviewed,DUPAGE COUNTY JAIL,WHEATON,ILLINOIS,
2008-11-15 00:00:00,United States Citizen Interviewed,VENTURA COUNTY JAIL,VENTURA,CALIFORNIA,
2008-11-17 00:00:00,United States Citizen Interviewed,CLARK COUNTY DET.CENTER,LAS VEGAS,NEVADA,
2008-11-20 00:00:00,United States Citizen Interviewed,FLORENCE ADMAX US PEN.,FLORENCE,COLORADO,
2008-11-26 00:00:00,United States Citizen Interviewed,SAN DIEGO COUNTY JAIL,SAN DIEGO,CALIFORNIA,
2008-12-06 00:00:00,United States Citizen Interviewed,MONTGOMERY COUNTY DET.,ROCKVILLE,MARYLAND,
2008-12-22 00:00:00,United States Citizen Interviewed,NEBRASKA DEPT OF CORRECTI,LINCOLN,NEBRASKA,
2008-12-25 00:00:00,United States Citizen Interviewed,GEORGIA DEPT OF CORRECTIO,ATLANTA,GEORGIA,
2009-01-06 00:00:00,United States Citizen Interviewed,ELMIRA C.F.,ELMIRA,NEW YORK,
2009-01-08 00:00:00,United States Citizen Interviewed,OTHER-OTHER FACILITY,,,
2009-01-14 00:00:00,United States Citizen Interviewed,MARION COUNTY JAIL,OCALA,FLORIDA,
2009-01-16 00:00:00,United States Citizen Interviewed,ASPC ALHAMBRA,PHOENIX,ARIZONA,
2009-01-20 00:00:00,United States Citizen Interviewed,COLO DEPT OF CORRECTIONS,COLORADO SPRINGS,COLORADO,
2009-01-26 00:00:00,United States Citizen Interviewed,EL PASO COUNTY JAIL (CO),COLORADO SPRINGS,COLORADO,
2009-02-09 00:00:00,United States Citizen Interviewed,NORTHERN FL. REC. CENTER,LAKE BUTLER,FLORIDA,
2009-02-12 00:00:00,United States Citizen Interviewed,TEHAMA COUNTY JAIL,RED BLUFF,CALIFORNIA,
2009-02-18 00:00:00,United States Citizen Interviewed,SAFFORD FED.CORR.INST.,SAFFORD,ARIZONA,
2009-03-03 00:00:00,United States Citizen Interviewed,BERGEN COUNTY JAIL,HACKENSACK,NEW JERSEY,
2009-03-04 00:00:00,United States Citizen Interviewed,MORRIS COUNTY JAIL,MORRISTOWN,NEW JERSEY,
2009-03-07 00:00:00,United States Citizen Interviewed,ASPC ALHAMBRA,PHOENIX,ARIZONA,
2009-03-09 00:00:00,United States Citizen Interviewed,COOK COUNTY JAIL,CHICAGO,ILLINOIS,
2009-03-26 00:00:00,United States Citizen Interviewed,FRESNO COUNTY JAIL/SOUTH,FRESNO,CALIFORNIA,
2009-03-30 00:00:00,United States Citizen Interviewed,FL DEPT OF CORRECTIONS,TALLAHASSEE,FLORIDA,
2009-03-31 00:00:00,United States Citizen Interviewed,FL DEPT OF CORRECTIONS,TALLAHASSEE,FLORIDA,
2009-04-01 00:00:00,United States Citizen Interviewed,"ACI, CRANSTON RI",CRANSTON,RHODE ISLAND,
2009-04-06 00:00:00,United States Citizen Interviewed,COLO DEPT OF CORRECTIONS,COLORADO SPRINGS,COLORADO,
2009-04-13 00:00:00,United States Citizen Interviewed,PINAL COUNTY JAIL,FLORENCE,ARIZONA,
2009-04-17 00:00:00,United States Citizen Interviewed,CALIF. INST. FOR MEN/WEST,CHINO,CALIFORNIA,
2009-05-04 00:00:00,United States Citizen Interviewed,SACRAMENTO COUNTY JAIL,SACRAMENTO,CALIFORNIA,
2009-05-05 00:00:00,United States Citizen Interviewed,CALIPATRIA STATE PRISON,CALIPATRIA,CALIFORNIA,
2009-05-09 00:00:00,United States Citizen Interviewed,HUNTSVILLE STATE P.,HUNTSVILLE,TEXAS,
2009-05-21 00:00:00,United States Citizen Interviewed,USP CANAAN,WAYMART,PENNSYLVANIA,
2009-05-26 00:00:00,United States Citizen Interviewed,"LEHIGH COUNTY JAIL, PA",ALLENTOWN,PENNSYLVANIA,
2009-05-27 00:00:00,United States Citizen Interviewed,WASECA FED.CORR.INST.,WASECA,MINNESOTA,
2009-05-28 00:00:00,United States Citizen Interviewed,"LEHIGH COUNTY JAIL, PA",ALLENTOWN,PENNSYLVANIA,
2009-05-28 00:00:00,United States Citizen Interviewed,RJ DONOVAN CORREC FAC,SAN DIEGO,CALIFORNIA,
2009-05-28 00:00:00,United States Citizen Interviewed,HUNTSVILLE STATE P.,HUNTSVILLE,TEXAS,
2009-05-29 00:00:00,United States Citizen Interviewed,HUNTSVILLE STATE P.,HUNTSVILLE,TEXAS,
2009-06-01 00:00:00,United States Citizen Interviewed,"ACI, CRANSTON RI",CRANSTON,RHODE ISLAND,
2009-06-15 00:00:00,United States Citizen Interviewed,HUNTSVILLE STATE P.,HUNTSVILLE,TEXAS,
2009-06-19 00:00:00,United States Citizen Interviewed,MONTGOMERY COUNTY DET.,ROCKVILLE,MARYLAND,
2009-06-19 00:00:00,United States Citizen Interviewed,MONTGOMERY COUNTY DET.,ROCKVILLE,MARYLAND,
2009-06-19 00:00:00,United States Citizen Interviewed,MONTGOMERY COUNTY DET.,ROCKVILLE,MARYLAND,
2009-06-19 00:00:00,United States Citizen Interviewed,HUNTSVILLE STATE P.,HUNTSVILLE,TEXAS,
2009-06-19 00:00:00,United States Citizen Interviewed,MONTGOMERY COUNTY DET.,ROCKVILLE,MARYLAND,
2009-06-22 00:00:00,United States Citizen Interviewed,JEROME COUNTY JAIL,JEROME,IDAHO,
2009-06-25 00:00:00,United States Citizen Interviewed,ARLINGTON CO JAIL,ARLINGTON,VIRGINIA,
2009-06-29 00:00:00,United States Citizen Interviewed,NEBRASKA DEPT OF CORRECTI,LINCOLN,NEBRASKA,
2009-07-01 00:00:00,United States Citizen Interviewed,HUNTSVILLE STATE P.,HUNTSVILLE,TEXAS,
2009-07-08 00:00:00,United States Citizen Interviewed,HUNTSVILLE STATE P.,HUNTSVILLE,TEXAS,
2009-07-08 00:00:00,United States Citizen Interviewed,REEVES COUNTY DET. CENTER,PECOS,TEXAS,
2009-07-10 00:00:00,United States Citizen Interviewed,OAKDALE FED.DET.CENTER,OAKDALE,LOUISIANA,
2009-07-16 00:00:00,United States Citizen Interviewed,VARICK STREET SPC,NEW YORK,NEW YORK,
2009-07-22 00:00:00,United States Citizen Interviewed,HUNTSVILLE STATE P.,HUNTSVILLE,TEXAS,
2009-08-06 00:00:00,United States Citizen Interviewed,HALL CO JAIL,GAINESVILLE,GEORGIA,
2009-08-07 00:00:00,United States Citizen Interviewed,MORGANTOWN FED.CORR.INST.,MORGANTOWN,WEST VIRGINIA,
2009-08-21 00:00:00,United States Citizen Interviewed,RAY BROOK FED.CORR.INST.,RAY BROOK,NEW YORK,
2009-08-24 00:00:00,United States Citizen Interviewed,CENTRAL CA WOMEN'S FACILI,CHOWCHILLA,CALIFORNIA,
2009-09-02 00:00:00,United States Citizen Interviewed,BSCC CEDAR HILL UNIT,BIG SPRING,TEXAS,
2009-09-03 00:00:00,United States Citizen Interviewed,LOS ANGELES COUNTY JAIL-TWIN TOWER,LOS ANGELES,CALIFORNIA,
2009-09-14 00:00:00,United States Citizen Interviewed,EL DORADO COUNTY JAIL,PLACERVILLE,CALIFORNIA,
2009-09-17 00:00:00,United States Citizen Interviewed,DADE COUNTY CORRECTIONAL,MIAMI,FLORIDA,
2009-09-17 00:00:00,United States Citizen Interviewed,LEXINGTON A&R,LEXINGTON,OKLAHOMA,
2009-09-21 00:00:00,United States Citizen Interviewed,"ACI, CRANSTON RI",CRANSTON,RHODE ISLAND,
2009-09-21 00:00:00,United States Citizen Interviewed,ORANGE COUNTY JAIL,SANTA ANA,CALIFORNIA,
2009-09-28 00:00:00,United States Citizen Interviewed,ASPC ALHAMBRA,PHOENIX,ARIZONA,
2009-10-05 00:00:00,United States Citizen Interviewed,"ULSTER CF, NAPANOCH",NAPANOCH,NEW YORK,
2009-10-06 00:00:00,United States Citizen Interviewed,SCC/JAMESTOWN,JAMESTOWN,CALIFORNIA,
2009-10-13 00:00:00,United States Citizen Interviewed,DEUEL VOCATIONAL INSTITUT,TRACY,CALIFORNIA,
2009-10-15 00:00:00,United States Citizen Interviewed,SAN FRANCISCO CO JAIL,SAN FRANCISCO,CALIFORNIA,
2009-10-26 00:00:00,United States Citizen Interviewed,"INDIANA CC, PLAINFIELD,IN",PLAINFIELD,INDIANA,
2009-11-08 00:00:00,United States Citizen Interviewed,MARICOPA COUNTY JAIL,PHOENIX,ARIZONA,
2009-11-10 00:00:00,United States Citizen Interviewed,DEUEL VOCATIONAL INSTITUT,TRACY,CALIFORNIA,
2009-11-14 00:00:00,United States Citizen Interviewed,SAN FRANCISCO CO JAIL,SAN FRANCISCO,CALIFORNIA,
2009-11-16 00:00:00,United States Citizen Interviewed,HUNTSVILLE STATE P.,HUNTSVILLE,TEXAS,
2009-11-16 00:00:00,United States Citizen Interviewed,FORSYTH COUNTY JAIL,WINSTON-SALEM,NORTH CAROLINA,
2009-11-19 00:00:00,United States Citizen Interviewed,NM WOMEN'S CORR. FACILITY,GRANTS,NEW MEXICO,
2009-11-19 00:00:00,United States Citizen Interviewed,ARK. D.O.C.-DIAGNOSTIC   .,PINE BLUFF,ARKANSAS,
2009-11-20 00:00:00,United States Citizen Interviewed,FREDERICK COUNTY DET. CEN,FREDERICK,MARYLAND,
2009-11-29 00:00:00,United States Citizen Interviewed,BEXAR COUNTY JAIL,SAN ANTONIO,TEXAS,
2009-12-03 00:00:00,United States Citizen Interviewed,"ACI, CRANSTON RI",CRANSTON,RHODE ISLAND,
2009-12-18 00:00:00,United States Citizen Interviewed,MONTGOMERY COUNTY DET.,ROCKVILLE,MARYLAND,
2009-12-29 00:00:00,United States Citizen Interviewed,"ACI, CRANSTON RI",CRANSTON,RHODE ISLAND,
2009-12-31 00:00:00,United States Citizen Interviewed,MARION COUNTY JAIL,INDIANAPOLIS,INDIANA,
2010-01-06 00:00:00,United States Citizen Interviewed,SAN DIEGO COUNTY JAIL,SAN DIEGO,CALIFORNIA,
2010-01-12 00:00:00,United States Citizen Interviewed,"ERIE COUNTY JAIL, PA",ERIE,PENNSYLVANIA,
2010-01-13 00:00:00,United States Citizen Interviewed,CALIPATRIA STATE PRISON,CALIPATRIA,CALIFORNIA,
2010-01-26 00:00:00,United States Citizen Interviewed,WASHOE COUNTY JAIL,RENO,NEVADA,
2010-01-28 00:00:00,United States Citizen Interviewed,"RIKERS ISLAND, QUEENS, NY",ELMHURST,NEW YORK,
2010-02-04 00:00:00,United States Citizen Interviewed,TUCSON FED.CORR.INST.,Tuscon,ARIZONA,
2010-02-08 00:00:00,United States Citizen Interviewed,ASPC ALHAMBRA,PHOENIX,ARIZONA,
2010-02-16 00:00:00,United States Citizen Interviewed,DEUEL VOCATIONAL INSTITUT,TRACY,CALIFORNIA,
2010-02-22 00:00:00,United States Citizen Interviewed,SANDY MUSH JAIL,MERCED,CALIFORNIA,
2010-02-22 00:00:00,United States Citizen Interviewed,ALLENWOOD (MED) FCI,WHITE DEER,PENNSYLVANIA,
2010-02-22 00:00:00,United States Citizen Interviewed,FRESNO COUNTY JAIL,FRESNO,CALIFORNIA,
2010-02-25 00:00:00,United States Citizen Interviewed,ALLENWOOD U.S.PEN.,WHITE DEER,PENNSYLVANIA,
2010-03-02 00:00:00,United States Citizen Interviewed,SOMERSET COUNTY JAIL,SOMERVILLE,NEW JERSEY,
2010-03-16 00:00:00,United States Citizen Interviewed,REEVES COUNTY DET. CENTER,PECOS,TEXAS,
2010-03-18 00:00:00,United States Citizen Interviewed,SAN DIEGO COUNTY JAIL,SAN DIEGO,CALIFORNIA,
2010-03-19 00:00:00,United States Citizen Interviewed,SIGNAL HILL POLICE DEPT.,SIGNAL HILL,CALIFORNIA,
2010-03-23 00:00:00,United States Citizen Interviewed,SEDGWICK COUNTY JAIL,WICHITA,KANSAS,
2010-04-06 00:00:00,United States Citizen Interviewed,PASADENA CITY JAIL,PASADENA,CALIFORNIA,
2010-04-10 00:00:00,United States Citizen Interviewed,LOS ANGELES COUNTY JAIL-TWIN TOWER,LOS ANGELES,CALIFORNIA,
2010-04-11 00:00:00,United States Citizen Interviewed,MARICOPA COUNTY JAIL,PHOENIX,ARIZONA,
2010-04-13 00:00:00,United States Citizen Interviewed,FRESNO COUNTY JAIL,FRESNO,CALIFORNIA,
2010-04-14 00:00:00,United States Citizen Interviewed,RIVERSIDE COUNTY SHERIFF,RIVERSIDE,CALIFORNIA,
2010-04-16 00:00:00,United States Citizen Interviewed,STANISLAUS COUNTY JAIL,MODESTO,CALIFORNIA,
2010-04-19 00:00:00,United States Citizen Interviewed,"DUTCHESS CO.JAIL,POUGHKEE",POUGHKEEPSIE,NEW YORK,
2010-04-20 00:00:00,United States Citizen Interviewed,HUNTSVILLE STATE P.,HUNTSVILLE,TEXAS,
2010-04-20 00:00:00,United States Citizen Interviewed,MOUNTAINVIEW YOUTH C.F.,ANNANDALE,NEW JERSEY,
2010-04-23 00:00:00,United States Citizen Interviewed,WEST VALLEY,RANCHO CUCAMONGA,CALIFORNIA,
2010-04-23 00:00:00,United States Citizen Interviewed,MADERA CO DEPT OF CORRECT,MADERA,CALIFORNIA,
2010-04-26 00:00:00,United States Citizen Interviewed,FRESNO COUNTY JAIL,FRESNO,CALIFORNIA,
2010-04-27 00:00:00,United States Citizen Interviewed,REEVES COUNTY DET. CENTER III,PECOS,TEXAS,
2010-04-27 00:00:00,United States Citizen Interviewed,FRESNO COUNTY JAIL,FRESNO,CALIFORNIA,
2010-04-27 00:00:00,United States Citizen Interviewed,FRESNO COUNTY JAIL,FRESNO,CALIFORNIA,
2010-04-30 00:00:00,United States Citizen Interviewed,YAZOO CITY FCI,YAZOO CITY,MISSISSIPPI,
2010-05-05 00:00:00,United States Citizen Interviewed,"MCRAE CORRECTIONAL FACILITY, CCA",MCRAE,GEORGIA,
2010-05-06 00:00:00,United States Citizen Interviewed,PIERCE COUNTY JAIL,TACOMA,WASHINGTON,
2010-05-09 00:00:00,United States Citizen Interviewed,MARICOPA COUNTY JAIL,PHOENIX,ARIZONA,
2010-05-11 00:00:00,United States Citizen Interviewed,US MARSHAL - PHOENIX,PHOENIX,ARIZONA,
2010-05-12 00:00:00,United States Citizen Interviewed,LEWISBURG U.S. PEN.,LEWISBURG,PENNSYLVANIA,
2010-05-13 00:00:00,United States Citizen Interviewed,HIDALGO COUNTY JAIL,EDINBURG,TEXAS,
2010-05-21 00:00:00,United States Citizen Interviewed,ASPC ALHAMBRA,PHOENIX,ARIZONA,
2010-05-25 00:00:00,United States Citizen Interviewed,SANTA RITA JAIL,DUBLIN,CALIFORNIA,
2010-05-29 00:00:00,United States Citizen Interviewed,MONTEREY CO. JAIL,SALINAS,CALIFORNIA,
2010-06-03 00:00:00,United States Citizen Interviewed,FRESNO COUNTY JAIL,FRESNO,CALIFORNIA,
2010-06-05 00:00:00,United States Citizen Interviewed,HIDALGO COUNTY JAIL,EDINBURG,TEXAS,
2010-06-07 00:00:00,United States Citizen Interviewed,HUNTSVILLE STATE P.,HUNTSVILLE,TEXAS,
2010-06-07 00:00:00,United States Citizen Interviewed,OTHER-OTHER FACILITY,,,
2010-06-07 00:00:00,United States Citizen Interviewed,"ACI, CRANSTON RI",CRANSTON,RHODE ISLAND,
2010-06-10 00:00:00,United States Citizen Interviewed,OTHER-OTHER FACILITY,,,
2010-06-16 00:00:00,United States Citizen Interviewed,"ACI, CRANSTON RI",CRANSTON,RHODE ISLAND,
2010-06-18 00:00:00,United States Citizen Interviewed,PIMA COUNTY JAIL,TUCSON,ARIZONA,
2010-06-19 00:00:00,United States Citizen Interviewed,SOMERSET COUNTY JAIL,SOMERVILLE,NEW JERSEY,
2010-06-23 00:00:00,United States Citizen Interviewed,FRESNO COUNTY JAIL,FRESNO,CALIFORNIA,
2010-06-24 00:00:00,United States Citizen Interviewed,SANTA RITA JAIL,DUBLIN,CALIFORNIA,
2010-06-25 00:00:00,United States Citizen Interviewed,ALLENWOOD (MED) FCI,WHITE DEER,PENNSYLVANIA,
2010-07-06 00:00:00,United States Citizen Interviewed,DUPAGE COUNTY JAIL,WHEATON,ILLINOIS,
2010-07-09 00:00:00,United States Citizen Interviewed,FRESNO COUNTY JAIL,FRESNO,CALIFORNIA,
2010-07-09 00:00:00,United States Citizen Interviewed,OTHER-OTHER FACILITY,,,
2010-07-16 00:00:00,United States Citizen Interviewed,"US MARSHALL, WESTERN WI",MADISON,WISCONSIN,
2010-07-25 00:00:00,United States Citizen Interviewed,TEXARKANA FED.CORR.INST.,TEXARKANA,TEXAS,
2010-07-27 00:00:00,United States Citizen Interviewed,FCI VICTORVILLE,VICTORVILLE,CALIFORNIA,
2010-07-29 00:00:00,United States Citizen Interviewed,N.C. DEPT OF CORRECTIONS,RALEIGH,NORTH CAROLINA,
2010-08-04 00:00:00,United States Citizen Interviewed,CCC/SUSANVILLE,SUSANVILLE,CALIFORNIA,
2010-08-07 00:00:00,United States Citizen Interviewed,MARICOPA COUNTY JAIL,PHOENIX,ARIZONA,
2010-08-10 00:00:00,United States Citizen Interviewed,"MCRAE CORRECTIONAL FACILITY, CCA",MCRAE,GEORGIA,
2010-08-11 00:00:00,United States Citizen Interviewed,TULARE COUNTY JAIL,VISALIA,CALIFORNIA,
2010-08-12 00:00:00,United States Citizen Interviewed,ROBERTSON CO. DET.CENTER,SPRINGFIELD,TENNESSEE,
2010-08-27 00:00:00,United States Citizen Interviewed,SCI COAL TOWNSHIP,COAL TOWNSHIP,PENNSYLVANIA,
2010-09-01 00:00:00,United States Citizen Interviewed,ORANGE COUNTY JAIL,ORLANDO,FLORIDA,
2010-09-01 00:00:00,United States Citizen Interviewed,ASPC ALHAMBRA,PHOENIX,ARIZONA,
2010-09-07 00:00:00,United States Citizen Interviewed,DEKALB CO JAIL,DECATUR,GEORGIA,
2010-09-16 00:00:00,United States Citizen Interviewed,ASPC ALHAMBRA,PHOENIX,ARIZONA,
2010-09-16 00:00:00,United States Citizen Interviewed,SANTA CLARA CO MAIN JAIL/,SAN JOSE,CALIFORNIA,
2010-09-17 00:00:00,United States Citizen Interviewed,LOS ANGELES COUNTY JAIL-TWIN TOWER,LOS ANGELES,CALIFORNIA,
2010-09-20 00:00:00,United States Citizen Interviewed,"ACI, CRANSTON RI",CRANSTON,RHODE ISLAND,
2010-09-21 00:00:00,United States Citizen Interviewed,FLORENCE ADMAX US PEN.,FLORENCE,COLORADO,
2010-09-21 00:00:00,United States Citizen Interviewed,MCI HAGERSTOWN,HAGERSTOWN,MARYLAND,
2010-09-25 00:00:00,United States Citizen Interviewed,MIDSTATE CORRECTIONAL,MARCY,NEW YORK,
2010-09-26 00:00:00,United States Citizen Interviewed,"ACI, CRANSTON RI",CRANSTON,RHODE ISLAND,
2010-09-29 00:00:00,United States Citizen Interviewed,HIDALGO COUNTY JAIL,EDINBURG,TEXAS,
2010-10-12 00:00:00,United States Citizen Interviewed,MORRIS COUNTY JAIL,MORRISTOWN,NEW JERSEY,
2010-10-18 00:00:00,United States Citizen Interviewed,HOUSTON POLICE DEPT.,HOUSTON,TEXAS,
2010-10-18 00:00:00,United States Citizen Interviewed,RIVERSIDE COUNTY SHERIFF,RIVERSIDE,CALIFORNIA,
2010-10-19 00:00:00,United States Citizen Interviewed,"ACI, CRANSTON RI",CRANSTON,RHODE ISLAND,
2010-10-25 00:00:00,United States Citizen Interviewed,GEORGIA DEPT OF CORRECTIO,ATLANTA,GEORGIA,
2010-10-26 00:00:00,United States Citizen Interviewed,ADAMS COUNTY DET CENTER,NATCHEZ,MISSISSIPPI,
2010-10-27 00:00:00,United States Citizen Interviewed,SACRAMENTO COUNTY JAIL,SACRAMENTO,CALIFORNIA,
2010-11-10 00:00:00,United States Citizen Interviewed,"US MARSHALS, NEW MEXICO",ALBUQUERQUE,NEW MEXICO,
2010-11-16 00:00:00,United States Citizen Interviewed,SONOMA CO./NORTH COUNTY,SANTA ROSA,CALIFORNIA,
2010-11-16 00:00:00,United States Citizen Interviewed,GEORGIA DEPT OF CORRECTIO,ATLANTA,GEORGIA,
2010-11-16 00:00:00,United States Citizen Interviewed,GEORGIA DEPT OF CORRECTIO,ATLANTA,GEORGIA,
2010-11-17 00:00:00,United States Citizen Interviewed,"US MARSHAL, SOUTHERN DISTRICT, TX",HOUSTON,TEXAS,
2010-11-26 00:00:00,United States Citizen Interviewed,GEORGIA DEPT OF CORRECTIO,ATLANTA,GEORGIA,
2010-11-28 00:00:00,United States Citizen Interviewed,SANTA RITA JAIL,DUBLIN,CALIFORNIA,
2010-11-29 00:00:00,United States Citizen Interviewed,SAN JOAQUIN COUNTY JAIL,FRENCH CAMP,CALIFORNIA,
2010-11-30 00:00:00,United States Citizen Interviewed,CARSWELL FED.MED.CTR,FORT WORTH,TEXAS,
2010-12-03 00:00:00,United States Citizen Interviewed,"RIKERS ISLAND, QUEENS, NY",ELMHURST,NEW YORK,
2010-12-13 00:00:00,United States Citizen Interviewed,RANDOLPH COUNTY JAIL,ASHEBORO,NORTH CAROLINA,
2010-12-14 00:00:00,United States Citizen Interviewed,BREVARD COUNTY JAIL COMPLEX,COCOA,FLORIDA,
2010-12-21 00:00:00,United States Citizen Interviewed,GEORGIA DEPT OF CORRECTIO,ATLANTA,GEORGIA,
2010-12-28 00:00:00,United States Citizen Interviewed,SAN JOAQUIN COUNTY JAIL,FRENCH CAMP,CALIFORNIA,
2010-12-29 00:00:00,United States Citizen Interviewed,SUTTER COUNTY JAIL,YUBA,CALIFORNIA,
2011-01-07 00:00:00,United States Citizen Interviewed,"ACI, CRANSTON RI",CRANSTON,RHODE ISLAND,
2011-01-11 00:00:00,United States Citizen Interviewed,FAIRFAX CO JAIL,FAIRFAX,VIRGINIA,
2011-01-20 00:00:00,United States Citizen Interviewed,STANISLAUS COUNTY JAIL,MODESTO,CALIFORNIA,
2011-01-27 00:00:00,United States Citizen Interviewed,ORANGE COUNTY JAIL,ORLANDO,FLORIDA,
2011-01-27 00:00:00,United States Citizen Interviewed,CUMBERLAND COUNTY JAIL,FAYETTEVILLE,NORTH CAROLINA,
2011-01-31 00:00:00,United States Citizen Interviewed,ASPC ALHAMBRA,PHOENIX,ARIZONA,
2011-02-13 00:00:00,United States Citizen Interviewed,SUMTER COUNTY JAIL,BUSHNELL,FLORIDA,
2011-02-14 00:00:00,United States Citizen Interviewed,SANTA BARBARA COUNTY JAIL,SANTA BARBARA,CALIFORNIA,
2011-02-14 00:00:00,United States Citizen Interviewed,"ACI, CRANSTON RI",CRANSTON,RHODE ISLAND,
2011-02-14 00:00:00,United States Citizen Interviewed,METROPOLITAN DETENTION CENTER,ALBUQUERQUE,NEW MEXICO,
2011-02-22 00:00:00,United States Citizen Interviewed,"US MARSHALS, S. DIST.,TX",LAREDO,TEXAS,
2011-02-25 00:00:00,United States Citizen Interviewed,GEORGIA DEPT OF CORRECTIO,ATLANTA,GEORGIA,
2011-02-25 00:00:00,United States Citizen Interviewed,"ACI, CRANSTON RI",CRANSTON,RHODE ISLAND,
2011-03-01 00:00:00,United States Citizen Interviewed,ALLENWOOD U.S.PEN.,WHITE DEER,PENNSYLVANIA,
2011-03-02 00:00:00,United States Citizen Interviewed,VALLEY STATE PRISON,CHOWCHILLA,CALIFORNIA,
2011-03-12 00:00:00,United States Citizen Interviewed,MIAMI FED.DET.CENTER,MIAMI,FLORIDA,
2011-03-22 00:00:00,United States Citizen Interviewed,WINNEBAGO COUNTY SHERIFF,ROCKFORD,ILLINOIS,
2011-03-22 00:00:00,United States Citizen Interviewed,ALLEGHENY CO. JAIL,PITTSBURGH,PENNSYLVANIA,
2011-03-24 00:00:00,United States Citizen Interviewed,CHARLESTON COUNTY CORRECT,NORTH CHARLESTO,SOUTH CAROLINA,
2011-03-29 00:00:00,United States Citizen Interviewed,STANISLAUS COUNTY JAIL,MODESTO,CALIFORNIA,
2011-03-30 00:00:00,United States Citizen Interviewed,STANISLAUS COUNTY JAIL,MODESTO,CALIFORNIA,
2011-03-31 00:00:00,United States Citizen Interviewed,HUNTSVILLE STATE P.,HUNTSVILLE,TEXAS,
2011-04-06 00:00:00,United States Citizen Interviewed,TULARE COUNTY JAIL,VISALIA,CALIFORNIA,
2011-04-06 00:00:00,United States Citizen Interviewed,TEHAMA COUNTY JAIL,RED BLUFF,CALIFORNIA,
2011-04-11 00:00:00,United States Citizen Interviewed,"ACI, CRANSTON RI",CRANSTON,RHODE ISLAND,
2011-04-13 00:00:00,United States Citizen Interviewed,FRESNO COUNTY JAIL,FRESNO,CALIFORNIA,
2011-04-14 00:00:00,United States Citizen Interviewed,MOUNTAINVIEW YOUTH C.F.,ANNANDALE,NEW JERSEY,
2011-04-14 00:00:00,United States Citizen Interviewed,GEORGIA DEPT OF CORRECTIO,ATLANTA,GEORGIA,
2011-04-18 00:00:00,United States Citizen Interviewed,ALLENWOOD (LOW) FCI,WHITE DEER,PENNSYLVANIA,
2011-04-18 00:00:00,United States Citizen Interviewed,CSP-SAN QUENTIN,SAN QUENTIN,CALIFORNIA,
2011-04-19 00:00:00,United States Citizen Interviewed,PRINCE GEORGES CO DET CEN,UPPER MARLBORO,MARYLAND,
2011-04-22 00:00:00,United States Citizen Interviewed,SANTA CLARA CO MAIN JAIL/,SAN JOSE,CALIFORNIA,
2011-05-05 00:00:00,United States Citizen Interviewed,MULE CREEK STATE PRISON,IONE,CALIFORNIA,
2011-05-12 00:00:00,United States Citizen Interviewed,JEFFERSON COUNTY JAIL,GOLDEN,COLORADO,
2011-05-16 00:00:00,United States Citizen Interviewed,STANISLAUS COUNTY JAIL,MODESTO,CALIFORNIA,
2011-05-25 00:00:00,United States Citizen Interviewed,ALLENWOOD U.S.PEN.,WHITE DEER,PENNSYLVANIA,
2011-05-26 00:00:00,United States Citizen Interviewed,ALLENWOOD (LOW) FCI,WHITE DEER,PENNSYLVANIA,
2011-05-31 00:00:00,United States Citizen Interviewed,TOOMBS COUNTY SHERIFF,LYONS,GEORGIA,
2011-06-01 00:00:00,United States Citizen Interviewed,"MCRAE CORRECTIONAL FACILITY, CCA",MCRAE,GEORGIA,
2011-07-11 00:00:00,United States Citizen Interviewed,STRAFFORD CO. CORRECTION,DOVER,NEW HAMPSHIRE,
2011-07-12 00:00:00,United States Citizen Interviewed,ASHLAND FED.CORR.INST.,ASHLAND,KENTUCKY,
2011-07-13 00:00:00,United States Citizen Interviewed,SANTA BARBARA COUNTY JAIL,SANTA BARBARA,CALIFORNIA,
2011-07-27 00:00:00,United States Citizen Interviewed,OTHER-OTHER FACILITY,,,
2011-07-28 00:00:00,United States Citizen Interviewed,CALIPATRIA STATE PRISON,CALIPATRIA,CALIFORNIA,
2011-07-28 00:00:00,United States Citizen Interviewed,MONTEREY CO. JAIL,SALINAS,CALIFORNIA,
2011-08-10 00:00:00,United States Citizen Interviewed,BROOKS COUNTY SHERIFF,QUITMAN,GEORGIA,
2011-08-12 00:00:00,United States Citizen Interviewed,CALIPATRIA STATE PRISON,CALIPATRIA,CALIFORNIA,
2011-08-16 00:00:00,United States Citizen Interviewed,"US MARSHAL, SOUTHERN DISTRICT, TX",HOUSTON,TEXAS,
2011-08-16 00:00:00,United States Citizen Interviewed,ALLENWOOD (MED) FCI,WHITE DEER,PENNSYLVANIA,
2011-08-19 00:00:00,United States Citizen Interviewed,MOBERLY POLICE DEPT.,MOBERLY,MISSOURI,
2011-08-19 00:00:00,United States Citizen Interviewed,SAN JOAQUIN COUNTY JAIL,FRENCH CAMP,CALIFORNIA,
2011-08-19 00:00:00,United States Citizen Interviewed,"RIKERS ISLAND, QUEENS, NY",ELMHURST,NEW YORK,
2011-08-23 00:00:00,United States Citizen Interviewed,SCC/JAMESTOWN,JAMESTOWN,CALIFORNIA,
2011-08-25 00:00:00,United States Citizen Interviewed,HUNTSVILLE STATE P.,HUNTSVILLE,TEXAS,
2011-08-28 00:00:00,United States Citizen Interviewed,SOLANO CO. DET. FACILITY,FAIRFIELD,CALIFORNIA,
2011-09-10 00:00:00,United States Citizen Interviewed,DONA ANA COUNTY DETENTION FACILITY,LAS CRUCES,NEW MEXICO,
2011-09-12 00:00:00,United States Citizen Interviewed,SCI PINE GROVE,INDIANA,PENNSYLVANIA,
2011-09-13 00:00:00,United States Citizen Interviewed,FL DEPT OF CORRECTIONS,TALLAHASSEE,FLORIDA,
2011-09-16 00:00:00,United States Citizen Interviewed,LOS CUST CASE,LOS ANGELES,CALIFORNIA,
2011-09-18 00:00:00,United States Citizen Interviewed,ORANGE COUNTY JAIL,ORLANDO,FLORIDA,
2011-09-30 00:00:00,United States Citizen Interviewed,IRVING POLICE DEPT.,IRVING,TEXAS,
2011-10-01 00:00:00,United States Citizen Interviewed,"LANCASTER CNTY JAIL, PA",LANCASTER,PENNSYLVANIA,
2011-10-03 00:00:00,United States Citizen Interviewed,TEXAS DOC - MIDDLETON UNIT,ABILENE,TEXAS,
2011-10-04 00:00:00,United States Citizen Interviewed,ALLENWOOD (MED) FCI,WHITE DEER,PENNSYLVANIA,
2011-10-05 00:00:00,United States Citizen Interviewed,HOLLIDAY TRANSFER UNIT,HUNTSVILLE,TEXAS,
2011-10-12 00:00:00,United States Citizen Interviewed,FDC HOUSTON,HOUSTON,TEXAS,
2011-10-12 00:00:00,United States Citizen Interviewed,GUILFORD COUNTY JAIL,GREENSBORO,NORTH CAROLINA,
2011-10-12 00:00:00,United States Citizen Interviewed,GUILFORD COUNTY JAIL,GREENSBORO,NORTH CAROLINA,
2011-10-13 00:00:00,United States Citizen Interviewed,GEORGIA DEPT OF CORRECTIO,ATLANTA,GEORGIA,
2011-10-14 00:00:00,United States Citizen Interviewed,CALIPATRIA STATE PRISON,CALIPATRIA,CALIFORNIA,
2011-10-18 00:00:00,United States Citizen Interviewed,"CALIF. MEN COLONY, WEST",SAN LUIS OBISPO,CALIFORNIA,
2011-10-25 00:00:00,United States Citizen Interviewed,DEUEL VOCATIONAL INSTITUT,TRACY,CALIFORNIA,
2011-10-28 00:00:00,United States Citizen Interviewed,PINAL COUNTY JAIL,FLORENCE,ARIZONA,
2011-10-31 00:00:00,United States Citizen Interviewed,MOSHANNON VALLEY CORRECTIONAL,PHILIPSBURG,PENNSYLVANIA,
2011-11-02 00:00:00,United States Citizen Interviewed,LEWISBURG U.S. PEN.,LEWISBURG,PENNSYLVANIA,
2011-11-04 00:00:00,United States Citizen Interviewed,ADAMS COUNTY DET CENTER,NATCHEZ,MISSISSIPPI,
2011-11-04 00:00:00,United States Citizen Interviewed,CI EDEN,EDEN,TEXAS,
2011-11-04 00:00:00,United States Citizen Interviewed,MCKEAN FED.CORR.INST.,BRADFORD,PENNSYLVANIA,
2011-11-06 00:00:00,United States Citizen Interviewed,CSP-SACRAMENTO,FOLSOM,CALIFORNIA,
2011-11-10 00:00:00,United States Citizen Interviewed,CLAYTON COUNTY JAIL,JONESBORO,GEORGIA,
2011-11-12 00:00:00,United States Citizen Interviewed,HIDALGO COUNTY JAIL,EDINBURG,TEXAS,
2011-11-14 00:00:00,United States Citizen Interviewed,ASPC ALHAMBRA,PHOENIX,ARIZONA,
2011-11-15 00:00:00,United States Citizen Interviewed,ALLENWOOD (LOW) FCI,WHITE DEER,PENNSYLVANIA,
2011-11-16 00:00:00,United States Citizen Interviewed,SAN JOAQUIN COUNTY JAIL,FRENCH CAMP,CALIFORNIA,
2011-11-18 00:00:00,United States Citizen Interviewed,ADAMS COUNTY DET CENTER,NATCHEZ,MISSISSIPPI,
2011-11-18 00:00:00,United States Citizen Interviewed,GEORGIA DEPT OF CORRECTIO,ATLANTA,GEORGIA,
2011-11-21 00:00:00,United States Citizen Interviewed,MARICOPA COUNTY JAIL,PHOENIX,ARIZONA,
2011-11-22 00:00:00,United States Citizen Interviewed,CIBOLA COUNTY DET CTR,GRANTS,NEW MEXICO,
2011-11-23 00:00:00,United States Citizen Interviewed,ALLENWOOD (LOW) FCI,WHITE DEER,PENNSYLVANIA,
2011-11-25 00:00:00,United States Citizen Interviewed,FORSYTH COUNTY JAIL,WINSTON-SALEM,NORTH CAROLINA,
2011-12-01 00:00:00,United States Citizen Interviewed,FORSYTH COUNTY JAIL,WINSTON-SALEM,NORTH CAROLINA,
2011-12-02 00:00:00,United States Citizen Interviewed,MOSHANNON VALLEY CORRECTIONAL,PHILIPSBURG,PENNSYLVANIA,
2011-12-05 00:00:00,United States Citizen Interviewed,MOSHANNON VALLEY CORRECTIONAL,PHILIPSBURG,PENNSYLVANIA,
2011-12-12 00:00:00,United States Citizen Interviewed,HALL COUNTY JAIL,GAINESVILLE,GEORGIA,
2011-12-13 00:00:00,United States Citizen Interviewed,HUNTSVILLE STATE P.,HUNTSVILLE,TEXAS,
2011-12-13 00:00:00,United States Citizen Interviewed,TDC - PAM LYCHNER,HUMBLE,TEXAS,
2011-12-16 00:00:00,United States Citizen Interviewed,HILLSBOROUGH COUNTY JAIL,TAMPA,FLORIDA,
2011-12-19 00:00:00,United States Citizen Interviewed,HUNTSVILLE STATE P.,HUNTSVILLE,TEXAS,
2011-12-19 00:00:00,United States Citizen Interviewed,WESTERN MO CORR. FACILITY,CAMERON,MISSOURI,
2011-12-22 00:00:00,United States Citizen Interviewed,DADE COUNTY CORRECTIONAL,MIAMI,FLORIDA,
2011-12-23 00:00:00,United States Citizen Interviewed,RJ DONOVAN CORREC FAC,SAN DIEGO,CALIFORNIA,
2011-12-23 00:00:00,United States Citizen Interviewed,SAN ANTONIO (CITY OF) MAGISTRATE,SAN ANTONIO,TEXAS,
2011-12-31 00:00:00,United States Citizen Interviewed,OTHER-OTHER FACILITY,,,
2012-01-04 00:00:00,United States Citizen Interviewed,CHEROKEE CO JAIL GA,CANTON,GEORGIA,
2012-01-11 00:00:00,United States Citizen Interviewed,REEVES COUNTY DET. CENTER,PECOS,TEXAS,
2012-01-11 00:00:00,United States Citizen Interviewed,GEORGIA DEPT OF CORRECTIO,ATLANTA,GEORGIA,
2012-01-11 00:00:00,United States Citizen Interviewed,HUNTSVILLE STATE P.,HUNTSVILLE,TEXAS,
2012-01-12 00:00:00,United States Citizen Interviewed,HUNTSVILLE STATE P.,HUNTSVILLE,TEXAS,
2012-01-13 00:00:00,United States Citizen Interviewed,MOSHANNON VALLEY CORRECTIONAL,PHILIPSBURG,PENNSYLVANIA,
2012-01-16 00:00:00,United States Citizen Interviewed,HUNTSVILLE STATE P.,HUNTSVILLE,TEXAS,
2012-01-18 00:00:00,United States Citizen Interviewed,HUNTSVILLE STATE P.,HUNTSVILLE,TEXAS,
2012-01-18 00:00:00,United States Citizen Interviewed,BROWARD COUNTY JAIL,FORT LAUDERDALE,FLORIDA,
2012-01-19 00:00:00,United States Citizen Interviewed,MOSHANNON VALLEY CORRECTIONAL,PHILIPSBURG,PENNSYLVANIA,
2012-01-19 00:00:00,United States Citizen Interviewed,USP CANAAN,WAYMART,PENNSYLVANIA,
2012-01-23 00:00:00,United States Citizen Interviewed,PRINCE GEORGES CO DET CEN,UPPER MARLBORO,MARYLAND,
2012-01-23 00:00:00,United States Citizen Interviewed,BEXAR COUNTY JAIL,SAN ANTONIO,TEXAS,
2012-01-25 00:00:00,United States Citizen Interviewed,ALLENWOOD (LOW) FCI,WHITE DEER,PENNSYLVANIA,
2012-01-25 00:00:00,United States Citizen Interviewed,HUNTSVILLE STATE P.,HUNTSVILLE,TEXAS,
2012-01-25 00:00:00,United States Citizen Interviewed,HUNTSVILLE STATE P.,HUNTSVILLE,TEXAS,
2012-01-25 00:00:00,United States Citizen Interviewed,DENVER JUSTICE CENTER,DENVER,COLORADO,
2012-01-28 00:00:00,United States Citizen Interviewed,GLYNN COUNTY DETENTION CENTER,BRUNSWICK,GEORGIA,
2012-01-30 00:00:00,United States Citizen Interviewed,GLYNN COUNTY DETENTION CENTER,BRUNSWICK,GEORGIA,
2012-02-08 00:00:00,United States Citizen Interviewed,ALLENWOOD (MED) FCI,WHITE DEER,PENNSYLVANIA,
2012-02-08 00:00:00,United States Citizen Interviewed,FORSYTH COUNTY SHERIFF'S OFFICE,CUMMING,GEORGIA,
2012-02-10 00:00:00,United States Citizen Interviewed,CENTRAL CA WOMEN'S FACILI,CHOWCHILLA,CALIFORNIA,
2012-02-13 00:00:00,United States Citizen Interviewed,SHERIDAN FED.CORR.INST.,SHERIDAN,OREGON,
2012-02-13 00:00:00,United States Citizen Interviewed,ASPC ALHAMBRA,PHOENIX,ARIZONA,
2012-02-15 00:00:00,United States Citizen Interviewed,MOSHANNON VALLEY CORRECTIONAL,PHILIPSBURG,PENNSYLVANIA,
2012-02-18 00:00:00,United States Citizen Interviewed,MARTIN COUNTY JAIL,STUART,FLORIDA,
2012-02-21 00:00:00,United States Citizen Interviewed,TDC - PAM LYCHNER,HUMBLE,TEXAS,
2012-02-25 00:00:00,United States Citizen Interviewed,WASHINGTON COUNTY JAIL,HURRICANE,UTAH,
2012-02-28 00:00:00,United States Citizen Interviewed,GLYNN COUNTY DETENTION CENTER,BRUNSWICK,GEORGIA,
2012-02-28 00:00:00,United States Citizen Interviewed,ALBERTVILLE CITY JAIL,ALBERTVILLE,ALABAMA,
2012-02-29 00:00:00,United States Citizen Interviewed,TEXAS DCJ - GOREE UNIT,HUNTSVILLE,TEXAS,
2012-03-01 00:00:00,United States Citizen Interviewed,CLACKAMAS CO JAIL,OREGON CITY,OREGON,
2012-03-01 00:00:00,United States Citizen Interviewed,FOLSOM STATE PRISON,REPRESA,CALIFORNIA,
2012-03-06 00:00:00,United States Citizen Interviewed,MOSHANNON VALLEY CORRECTIONAL,PHILIPSBURG,PENNSYLVANIA,
2012-03-07 00:00:00,United States Citizen Interviewed,CALIPATRIA STATE PRISON,CALIPATRIA,CALIFORNIA,
2012-03-07 00:00:00,United States Citizen Interviewed,"ERIE COUNTY JAIL, PA",ERIE,PENNSYLVANIA,
2012-03-08 00:00:00,United States Citizen Interviewed,TDC/WOMENS,GATESVILLE,TEXAS,
2012-03-08 00:00:00,United States Citizen Interviewed,HUNTSVILLE STATE P.,HUNTSVILLE,TEXAS,
2012-03-08 00:00:00,United States Citizen Interviewed,MOSHANNON VALLEY CORRECTIONAL,PHILIPSBURG,PENNSYLVANIA,
2012-03-14 00:00:00,United States Citizen Interviewed,ASPC ALHAMBRA,PHOENIX,ARIZONA,
2012-03-19 00:00:00,United States Citizen Interviewed,MOSHANNON VALLEY CORRECTIONAL,PHILIPSBURG,PENNSYLVANIA,
2012-03-20 00:00:00,United States Citizen Interviewed,BROOKLYN MDC,BROOKLYN,NEW YORK,
2012-03-28 00:00:00,United States Citizen Interviewed,LAWRENCE POLICE DEPT,LAWRENCE,MASSACHUSETTS,
2012-03-28 00:00:00,United States Citizen Interviewed,REEVES COUNTY DET. CENTER,PECOS,TEXAS,
2012-03-28 00:00:00,United States Citizen Interviewed,HUNTSVILLE STATE P.,HUNTSVILLE,TEXAS,
2012-04-02 00:00:00,United States Citizen Interviewed,MOSHANNON VALLEY CORRECTIONAL,PHILIPSBURG,PENNSYLVANIA,
2012-04-04 00:00:00,United States Citizen Interviewed,WORCESTER CO. JAIL,SNOW HILL,MARYLAND,
2012-04-09 00:00:00,United States Citizen Interviewed,NO. KERN STATE PRISON,DELANO,CALIFORNIA,
2012-04-10 00:00:00,United States Citizen Interviewed,MULE CREEK STATE PRISON,IONE,CALIFORNIA,
2012-04-10 00:00:00,United States Citizen Interviewed,GARZA WEST TRANSFER FACILITY,BEEVILLE,TEXAS,
2012-04-10 00:00:00,United States Citizen Interviewed,HUNTSVILLE STATE P.,HUNTSVILLE,TEXAS,
2012-04-10 00:00:00,United States Citizen Interviewed,HUNTSVILLE STATE P.,HUNTSVILLE,TEXAS,
2012-04-16 00:00:00,United States Citizen Interviewed,MOSHANNON VALLEY CORRECTIONAL,PHILIPSBURG,PENNSYLVANIA,
2012-04-17 00:00:00,United States Citizen Interviewed,SOLANO CO. DET. FACILITY,FAIRFIELD,CALIFORNIA,
2012-04-17 00:00:00,United States Citizen Interviewed,GEORGIA DEPT OF CORRECTIO,ATLANTA,GEORGIA,
2012-04-17 00:00:00,United States Citizen Interviewed,ANCHORAGE JAIL,ANCHORAGE,ALASKA,
2012-04-17 00:00:00,United States Citizen Interviewed,BOSTON POLICE DEPT,BOSTON,MASSACHUSETTS,
2012-04-20 00:00:00,United States Citizen Interviewed,LEWISBURG U.S. PEN.,LEWISBURG,PENNSYLVANIA,
2012-04-20 00:00:00,United States Citizen Interviewed,HUNTSVILLE STATE P.,HUNTSVILLE,TEXAS,
2012-04-20 00:00:00,United States Citizen Interviewed,MCKEAN FED.CORR.INST.,BRADFORD,PENNSYLVANIA,
2012-04-25 00:00:00,United States Citizen Interviewed,ASPC ALHAMBRA,PHOENIX,ARIZONA,
2012-05-02 00:00:00,United States Citizen Interviewed,OTHER-OTHER FACILITY,,,
2012-05-07 00:00:00,United States Citizen Interviewed,ADAMS COUNTY DET CENTER,NATCHEZ,MISSISSIPPI,
2012-05-07 00:00:00,United States Citizen Interviewed,ORANGE COUNTY JAIL,SANTA ANA,CALIFORNIA,
2012-05-07 00:00:00,United States Citizen Interviewed,NM WOMEN'S CORR. FACILITY,GRANTS,NEW MEXICO,
2012-05-09 00:00:00,United States Citizen Interviewed,SAN JUAN COUNTY DETENTION CENTER,AZTEC,NEW MEXICO,
2012-05-14 00:00:00,United States Citizen Interviewed,SAN JOAQUIN COUNTY JAIL,FRENCH CAMP,CALIFORNIA,
2012-05-16 00:00:00,United States Citizen Interviewed,CCA NORTHEAST OH CORRECTS,YOUNGSTOWN,OHIO,
2012-05-16 00:00:00,United States Citizen Interviewed,RJ DONOVAN CORREC FAC,SAN DIEGO,CALIFORNIA,
2012-05-16 00:00:00,United States Citizen Interviewed,RJ DONOVAN CORREC FAC,SAN DIEGO,CALIFORNIA,
2012-05-16 00:00:00,United States Citizen Interviewed,RJ DONOVAN CORREC FAC,SAN DIEGO,CALIFORNIA,
2012-05-19 00:00:00,United States Citizen Interviewed,LOS ANGELES COUNTY JAIL-TWIN TOWER,LOS ANGELES,CALIFORNIA,
2012-06-06 00:00:00,United States Citizen Interviewed,HALAWA MED SECURITY FAC,AIEA,HAWAII,
2012-06-06 00:00:00,United States Citizen Interviewed,FCI FORREST CITY MED.,FORREST CITY,ARKANSAS,
2012-06-07 00:00:00,United States Citizen Interviewed,MOSHANNON VALLEY CORRECTIONAL,PHILIPSBURG,PENNSYLVANIA,
2012-06-07 00:00:00,United States Citizen Interviewed,HUNTSVILLE STATE P.,HUNTSVILLE,TEXAS,
2012-06-09 00:00:00,United States Citizen Interviewed,HIDALGO COUNTY JAIL,EDINBURG,TEXAS,
2012-06-12 00:00:00,United States Citizen Interviewed,HIDALGO COUNTY JAIL,EDINBURG,TEXAS,
2012-06-16 00:00:00,United States Citizen Interviewed,HIDALGO COUNTY JAIL,EDINBURG,TEXAS,
2012-06-18 00:00:00,United States Citizen Interviewed,WASCO STATE PRISON,WASCO,CALIFORNIA,
2012-06-19 00:00:00,United States Citizen Interviewed,HUNTSVILLE STATE P.,HUNTSVILLE,TEXAS,
2012-06-20 00:00:00,United States Citizen Interviewed,TRAVIS COUNTY STATE JAIL,AUSTIN,TEXAS,
2012-06-21 00:00:00,United States Citizen Interviewed,HIGH DESERT STATE PRISON,STANDISH,CALIFORNIA,
2012-06-23 00:00:00,United States Citizen Interviewed,HIDALGO COUNTY JAIL,EDINBURG,TEXAS,
2012-06-24 00:00:00,United States Citizen Interviewed,MULTNOMAH COUNTY JAIL,PORTLAND,OREGON,
2012-06-24 00:00:00,United States Citizen Interviewed,BELL COUNTY JAIL,BELTON,TEXAS,
2012-06-25 00:00:00,United States Citizen Interviewed,ASPC ALHAMBRA,PHOENIX,ARIZONA,
2012-06-25 00:00:00,United States Citizen Interviewed,LOS ANGELES COUNTY JAIL-TWIN TOWER,LOS ANGELES,CALIFORNIA,
2012-06-26 00:00:00,United States Citizen Interviewed,ORANGE COUNTY JAIL,ORLANDO,FLORIDA,
2012-06-28 00:00:00,United States Citizen Interviewed,YORK COUNTY DETENTION CENTER,YORK,SOUTH CAROLINA,
2012-06-29 00:00:00,United States Citizen Interviewed,HUNTSVILLE STATE P.,HUNTSVILLE,TEXAS,
2012-07-06 00:00:00,United States Citizen Interviewed,HUNTSVILLE STATE P.,HUNTSVILLE,TEXAS,
2012-07-09 00:00:00,United States Citizen Interviewed,ALLENWOOD (MED) FCI,WHITE DEER,PENNSYLVANIA,
2012-07-09 00:00:00,United States Citizen Interviewed,ALLENWOOD (MED) FCI,WHITE DEER,PENNSYLVANIA,
2012-07-12 00:00:00,United States Citizen Interviewed,GURNEY TRANSFER FACILITY,TENNESSEE COLONY,TEXAS,
2012-07-12 00:00:00,United States Citizen Interviewed,LUCILLE PLANE STATE JAIL,DAYTON,TEXAS,
2012-07-13 00:00:00,United States Citizen Interviewed,OTHER-OTHER FACILITY,,,
2012-07-19 00:00:00,United States Citizen Interviewed,LANCASTER COUNTY JAIL,LINCOLN,NEBRASKA,
2012-07-24 00:00:00,United States Citizen Interviewed,GARZA WEST TRANSFER FACILITY,BEEVILLE,TEXAS,
2012-07-25 00:00:00,United States Citizen Interviewed,TEXAS DCJ - GOREE UNIT,HUNTSVILLE,TEXAS,
2012-07-26 00:00:00,United States Citizen Interviewed,ALLENWOOD (MED) FCI,WHITE DEER,PENNSYLVANIA,
2012-07-26 00:00:00,United States Citizen Interviewed,TOM GREEN CTY JAIL,SAN ANGELO,TEXAS,
2012-08-02 00:00:00,United States Citizen Interviewed,ASPC ALHAMBRA,PHOENIX,ARIZONA,
2012-08-02 00:00:00,United States Citizen Interviewed,DAVIS CO. JAIL,FARMINGTON,UTAH,
2012-08-07 00:00:00,United States Citizen Interviewed,FORT WORTH FED.MED.CENTER,FT. WORTH,TEXAS,
2012-08-08 00:00:00,United States Citizen Interviewed,OTHER-OTHER FACILITY,,,
2012-08-15 00:00:00,United States Citizen Interviewed,MOSHANNON VALLEY CORRECTIONAL,PHILIPSBURG,PENNSYLVANIA,
2012-08-15 00:00:00,United States Citizen Interviewed,TDC - PAM LYCHNER,HUMBLE,TEXAS,
2012-08-16 00:00:00,United States Citizen Interviewed,SAN DIEGO COUNTY JAIL,SAN DIEGO,CALIFORNIA,
2012-08-16 00:00:00,United States Citizen Interviewed,OTHER-OTHER FACILITY,,,
2012-08-20 00:00:00,United States Citizen Interviewed,MOSHANNON VALLEY CORRECTIONAL,PHILIPSBURG,PENNSYLVANIA,
2012-08-22 00:00:00,United States Citizen Interviewed,MOSHANNON VALLEY CORRECTIONAL,PHILIPSBURG,PENNSYLVANIA,
2012-08-22 00:00:00,United States Citizen Interviewed,MCKEAN FED.CORR.INST.,BRADFORD,PENNSYLVANIA,
2012-08-22 00:00:00,United States Citizen Interviewed,DEKALB CO JAIL,DECATUR,GEORGIA,
2012-08-22 00:00:00,United States Citizen Interviewed,BARROW COUNTY JAIL,WINDER,GEORGIA,
2012-08-24 00:00:00,United States Citizen Interviewed,DEUEL VOCATIONAL INSTITUT,TRACY,CALIFORNIA,
2012-09-02 00:00:00,United States Citizen Interviewed,BROOKLYN CENTRAL BOOKING,BROOKLYN,NEW YORK,
2012-09-10 00:00:00,United States Citizen Interviewed,LOS ANGELES COUNTY JAIL-TWIN TOWER,LOS ANGELES,CALIFORNIA,
2012-09-17 00:00:00,United States Citizen Interviewed,MOSHANNON VALLEY CORRECTIONAL,PHILIPSBURG,PENNSYLVANIA,
2012-09-17 00:00:00,United States Citizen Interviewed,WASCO STATE PRISON,WASCO,CALIFORNIA,
2012-09-18 00:00:00,United States Citizen Interviewed,HUNTSVILLE STATE P.,HUNTSVILLE,TEXAS,
2012-09-19 00:00:00,United States Citizen Interviewed,CALIPATRIA STATE PRISON,CALIPATRIA,CALIFORNIA,
2012-09-26 00:00:00,United States Citizen Interviewed,MARICOPA COUNTY JAIL,PHOENIX,ARIZONA,
2012-09-28 00:00:00,United States Citizen Interviewed,SCC/JAMESTOWN,JAMESTOWN,CALIFORNIA,
2012-10-01 00:00:00,United States Citizen Interviewed,MULTNOMAH COUNTY JAIL,PORTLAND,OREGON,
2012-10-02 00:00:00,United States Citizen Interviewed,RICHARDSON POLICE DEPT.,RICHARDSON,TEXAS,
2012-10-04 00:00:00,United States Citizen Interviewed,ORANGE COUNTY JAIL,ORLANDO,FLORIDA,
2012-10-04 00:00:00,United States Citizen Interviewed,FL DEPT OF CORRECTIONS,TALLAHASSEE,FLORIDA,
2012-10-04 00:00:00,United States Citizen Interviewed,ORANGE COUNTY JAIL,ORLANDO,FLORIDA,
2012-10-04 00:00:00,United States Citizen Interviewed,ORANGE COUNTY JAIL,ORLANDO,FLORIDA,
2012-10-05 00:00:00,United States Citizen Interviewed,POMONA CITY JAIL,POMONA,CALIFORNIA,
2012-10-07 00:00:00,United States Citizen Interviewed,SAN JOAQUIN COUNTY JAIL,FRENCH CAMP,CALIFORNIA,
2012-10-09 00:00:00,United States Citizen Interviewed,ALLENWOOD (MED) FCI,WHITE DEER,PENNSYLVANIA,
2012-10-17 00:00:00,United States Citizen Interviewed,OTHER-OTHER FACILITY,,,
2012-10-24 00:00:00,United States Citizen Interviewed,ANCHORAGE JAIL,ANCHORAGE,ALASKA,
2012-11-01 00:00:00,United States Citizen Interviewed,OTHER-OTHER FACILITY,,,
2012-11-08 00:00:00,United States Citizen Interviewed,HUNTSVILLE STATE P.,HUNTSVILLE,TEXAS,
2012-11-08 00:00:00,United States Citizen Interviewed,MOSHANNON VALLEY CORRECTIONAL,PHILIPSBURG,PENNSYLVANIA,
2012-11-08 00:00:00,United States Citizen Interviewed,RAY BROOK FED.CORR.INST.,RAY BROOK,NEW YORK,
2012-11-09 00:00:00,United States Citizen Interviewed,SAN DIEGO COUNTY JAIL,SAN DIEGO,CALIFORNIA,
2012-11-13 00:00:00,United States Citizen Interviewed,DEUEL VOCATIONAL INSTITUT,TRACY,CALIFORNIA,
2012-11-14 00:00:00,United States Citizen Interviewed,STANISLAUS COUNTY JAIL,MODESTO,CALIFORNIA,
2012-11-28 00:00:00,United States Citizen Interviewed,BEXAR COUNTY JAIL,SAN ANTONIO,TEXAS,
2012-11-29 00:00:00,United States Citizen Interviewed,LOS ANGELES COUNTY JAIL-TWIN TOWER,LOS ANGELES,CALIFORNIA,
2012-11-30 00:00:00,United States Citizen Interviewed,ALLENWOOD (MED) FCI,WHITE DEER,PENNSYLVANIA,
2012-11-30 00:00:00,United States Citizen Interviewed,LEWISBURG U.S. PEN.,LEWISBURG,PENNSYLVANIA,
2012-12-17 00:00:00,United States Citizen Interviewed,LEXINGTON A&R,LEXINGTON,OKLAHOMA,
2012-12-26 00:00:00,United States Citizen Interviewed,MONROE COUNTY JAIL,KEY WEST,FLORIDA,
2012-12-28 00:00:00,United States Citizen Interviewed,"IDAHO STATE PRISON, BOISE",BOISE,IDAHO,
2012-12-29 00:00:00,United States Citizen Interviewed,CALCASIEU PARISH PRISON,LAKE CHARLES,LOUISIANA,
2013-01-04 00:00:00,United States Citizen Interviewed,CCF-DELANO,DELANO,CALIFORNIA,
2013-01-04 00:00:00,United States Citizen Interviewed,MOSHANNON VALLEY CORRECTIONAL,PHILIPSBURG,PENNSYLVANIA,
2013-01-15 00:00:00,United States Citizen Interviewed,OTHER-OTHER FACILITY,,,
2013-02-06 00:00:00,United States Citizen Interviewed,MULE CREEK STATE PRISON,IONE,CALIFORNIA,
2013-02-12 00:00:00,United States Citizen Interviewed,GWINNETT COUNTY JAIL,LAWRENCEVILLE,GEORGIA,
2013-02-14 00:00:00,United States Citizen Interviewed,SAN JOAQUIN COUNTY JAIL,FRENCH CAMP,CALIFORNIA,
2013-02-21 00:00:00,United States Citizen Interviewed,OTHER-OTHER FACILITY,,,
2013-02-23 00:00:00,United States Citizen Interviewed,LOS ANGELES COUNTY JAIL-TWIN TOWER,LOS ANGELES,CALIFORNIA,
2013-02-26 00:00:00,United States Citizen Interviewed,MCKEAN FED.CORR.INST.,BRADFORD,PENNSYLVANIA,
2013-02-26 00:00:00,United States Citizen Interviewed,BREVARD COUNTY JAIL COMPLEX,COCOA,FLORIDA,
2013-03-12 00:00:00,United States Citizen Interviewed,MULTNOMAH COUNTY JAIL,PORTLAND,OREGON,
2013-03-21 00:00:00,United States Citizen Interviewed,US MARSHALS SERVICE,LAS VEGAS,NEVADA,
2013-04-10 00:00:00,United States Citizen Interviewed,LOS ANGELES COUNTY JAIL-TWIN TOWER,LOS ANGELES,CALIFORNIA,
2013-04-12 00:00:00,United States Citizen Interviewed,OTHER-OTHER FACILITY,,,
2013-04-12 00:00:00,United States Citizen Interviewed,ASPC ALHAMBRA,PHOENIX,ARIZONA,
2013-04-16 00:00:00,United States Citizen Interviewed,ADAMS COUNTY DET CENTER,NATCHEZ,MISSISSIPPI,
2013-04-17 00:00:00,United States Citizen Interviewed,DEKALB CO JAIL,DECATUR,GEORGIA,
2013-04-24 00:00:00,United States Citizen Interviewed,US MARSHAL - TUCSON,TUCSON,ARIZONA,
2013-04-26 00:00:00,United States Citizen Interviewed,US MARSHAL - PHOENIX,PHOENIX,ARIZONA,
2013-05-02 00:00:00,United States Citizen Interviewed,"US MARSHALS,MID DIST TN",NASHVILLE,TENNESSEE,
2013-05-03 00:00:00,United States Citizen Interviewed,METROPOLITAN DETENTION CENTER,ALBUQUERQUE,NEW MEXICO,
2013-05-07 00:00:00,United States Citizen Interviewed,ASPC ALHAMBRA,PHOENIX,ARIZONA,
2013-05-08 00:00:00,United States Citizen Interviewed,LOS ANGELES COUNTY JAIL-TWIN TOWER,LOS ANGELES,CALIFORNIA,
2013-06-03 00:00:00,United States Citizen Interviewed,MANCHESTER FED CORR INSTR,MANCHESTER,KENTUCKY,
2013-06-05 00:00:00,United States Citizen Interviewed,SHELBY CO. SHERIFF OFFICE,MEMPHIS,TENNESSEE,
2013-06-07 00:00:00,United States Citizen Interviewed,"US MARSHALS,WEST.DIST.,TX",SAN ANTONIO,TEXAS,
2013-06-11 00:00:00,United States Citizen Interviewed,ASPC ALHAMBRA,PHOENIX,ARIZONA,
2013-06-12 00:00:00,United States Citizen Interviewed,TOM GREEN CTY JAIL,SAN ANGELO,TEXAS,
2013-06-13 00:00:00,United States Citizen Interviewed,ASPC ALHAMBRA,PHOENIX,ARIZONA,
2013-06-30 00:00:00,United States Citizen Interviewed,TOOMBS COUNTY SHERIFF,LYONS,GEORGIA,
2013-07-09 00:00:00,United States Citizen Interviewed,FOLSOM STATE PRISON,REPRESA,CALIFORNIA,
2013-07-25 00:00:00,United States Citizen Interviewed,FL DEPT OF CORRECTIONS,TALLAHASSEE,FLORIDA,
2013-07-31 00:00:00,United States Citizen Interviewed,SAN JOAQUIN COUNTY JAIL,FRENCH CAMP,CALIFORNIA,
2013-08-06 00:00:00,United States Citizen Interviewed,BEXAR COUNTY JAIL,SAN ANTONIO,TEXAS,
2013-08-07 00:00:00,United States Citizen Interviewed,LOS ANGELES COUNTY JAIL-TWIN TOWER,LOS ANGELES,CALIFORNIA,
2013-08-07 00:00:00,United States Citizen Interviewed,SAIPAN DEPARTMENT OF CORRECTIONS,SAIPAN,NORTHERN MARIANA ISLANDS,
2013-08-09 00:00:00,United States Citizen Interviewed,"CLEVELAND COUNTY, NORMAN",NORMAN,OKLAHOMA,
2013-08-13 00:00:00,United States Citizen Interviewed,COMAL CTY JAIL,NEW BRAUNFELS,TEXAS,
2013-08-21 00:00:00,United States Citizen Interviewed,DAVIS CO. JAIL,FARMINGTON,UTAH,
2013-09-11 00:00:00,United States Citizen Interviewed,PRINCE WILLIAM,MANASSAS,VIRGINIA,
2013-09-11 00:00:00,United States Citizen Interviewed,WEST VALLEY,RANCHO CUCAMONGA,CALIFORNIA,
2013-09-19 00:00:00,United States Citizen Interviewed,GARZA WEST TRANSFER FACILITY,BEEVILLE,TEXAS,
2013-09-21 00:00:00,United States Citizen Interviewed,CALDWELL COUNTY JAIL,LOCKHART,TEXAS,
2013-09-22 00:00:00,United States Citizen Interviewed,OTHER-OTHER FACILITY,,,
2013-09-24 00:00:00,United States Citizen Interviewed,MULTNOMAH COUNTY JAIL,PORTLAND,OREGON,
2013-09-25 00:00:00,United States Citizen Interviewed,DALBY CORRECTIONAL INSTITUTE,POST,TEXAS,
2013-09-25 00:00:00,United States Citizen Interviewed,MANHATTAN CENTRAL BOOKING,MANHATTAN,NEW YORK,
2013-09-25 00:00:00,United States Citizen Interviewed,POLK COUNTY JAIL,BARTOW,FLORIDA,
2013-09-26 00:00:00,United States Citizen Interviewed,"MANHATTEN DET COMPLEX, NY",NEW YORK,NEW YORK,
2013-10-02 00:00:00,United States Citizen Interviewed,OTHER-OTHER FACILITY,,,
2013-10-16 00:00:00,United States Citizen Interviewed,DALLAS COUNTY JAIL,DALLAS,TEXAS,
2013-10-19 00:00:00,United States Citizen Interviewed,DALLAS COUNTY JAIL,DALLAS,TEXAS,
2013-10-22 00:00:00,United States Citizen Interviewed,CALIFORNIA STATE PRISON,CORCORAN,CALIFORNIA,
2013-11-02 00:00:00,United States Citizen Interviewed,DONNA POLICE DEPT.,DONNA,TEXAS,
2013-11-25 00:00:00,United States Citizen Interviewed,NAPA COUNTYY DEPT OF CORR,NAPA,CALIFORNIA,
2013-12-14 00:00:00,United States Citizen Interviewed,SOUTH CENTRAL REGIONAL JAIL,CHARLESTON,WEST VIRGINIA,
2013-12-14 00:00:00,United States Citizen Interviewed,MARICOPA COUNTY JAIL,PHOENIX,ARIZONA,
2013-12-20 00:00:00,United States Citizen Interviewed,TIPPECANOE COUNTY JAIL,LAFAYETTE,INDIANA,
2014-01-06 00:00:00,United States Citizen Interviewed,FOLSOM STATE PRISON,REPRESA,CALIFORNIA,
2014-01-21 00:00:00,United States Citizen Interviewed,LOMPOC FCI,LOMPOC,CALIFORNIA,
2014-01-22 00:00:00,United States Citizen Interviewed,LOMPOC FCI,LOMPOC,CALIFORNIA,
2014-01-24 00:00:00,United States Citizen Interviewed,ASPC ALHAMBRA,PHOENIX,ARIZONA,
2014-01-24 00:00:00,United States Citizen Interviewed,VISTA DETENTION FACILITY,VISTA,CALIFORNIA,
2014-01-26 00:00:00,United States Citizen Interviewed,PIMA COUNTY JAIL,TUCSON,ARIZONA,
2014-01-27 00:00:00,United States Citizen Interviewed,SAN JOAQUIN COUNTY JAIL,FRENCH CAMP,CALIFORNIA,
2014-01-29 00:00:00,United States Citizen Interviewed,BRAZOS COUNTY JAIL,BRYAN,TEXAS,
2014-01-31 00:00:00,United States Citizen Interviewed,ASPC ALHAMBRA,PHOENIX,ARIZONA,
2014-02-06 00:00:00,United States Citizen Interviewed,OTHER-OTHER FACILITY,,,
2014-02-08 00:00:00,United States Citizen Interviewed,GIDDINGS POLICE DEPT.,GIDDINGS,TEXAS,
2014-02-19 00:00:00,United States Citizen Interviewed,SAN JOAQUIN COUNTY JAIL,FRENCH CAMP,CALIFORNIA,
2014-02-28 00:00:00,United States Citizen Interviewed,GWINNETT COUNTY JAIL,LAWRENCEVILLE,GEORGIA,
2014-02-28 00:00:00,United States Citizen Interviewed,ST . LOUIS CITY JUSTICE CENTER,ST. LOUIS,MISSOURI,
2014-03-03 00:00:00,United States Citizen Interviewed,LOS ANGELES CITY JAIL,LOS ANGELES,CALIFORNIA,
2014-03-12 00:00:00,United States Citizen Interviewed,HUDSON COUNTY JAIL,KEARNEY,NEW JERSEY,
2014-03-20 00:00:00,United States Citizen Interviewed,MOSHANNON VALLEY CORRECTIONAL,PHILIPSBURG,PENNSYLVANIA,
2014-03-22 00:00:00,United States Citizen Interviewed,OTHER-OTHER FACILITY,,,
2014-03-23 00:00:00,United States Citizen Interviewed,SAN BERNARDINO CO. JAIL,SAN BERNARDINO,CALIFORNIA,
2014-03-23 00:00:00,United States Citizen Interviewed,OTHER-OTHER FACILITY,,,
2014-03-24 00:00:00,United States Citizen Interviewed,SAN JOAQUIN COUNTY JAIL,FRENCH CAMP,CALIFORNIA,
2014-03-25 00:00:00,United States Citizen Interviewed,YUMA COUNTY JAIL - ADULTS,YUMA,ARIZONA,
2014-03-25 00:00:00,United States Citizen Interviewed,MERCER COUNTY JAIL,TRENTON,NEW JERSEY,
2014-03-26 00:00:00,United States Citizen Interviewed,SAN ANTONIO (CITY OF) MAGISTRATE,SAN ANTONIO,TEXAS,
2014-03-31 00:00:00,United States Citizen Interviewed,LOS ANGELES CITY JAIL,LOS ANGELES,CALIFORNIA,
2014-04-01 00:00:00,United States Citizen Interviewed,WASCO STATE PRISON,WASCO,CALIFORNIA,
2014-04-03 00:00:00,United States Citizen Interviewed,LOS ANGELES COUNTY JAIL-TWIN TOWER,LOS ANGELES,CALIFORNIA,
2014-04-10 00:00:00,United States Citizen Interviewed,SAN JOAQUIN COUNTY JAIL,FRENCH CAMP,CALIFORNIA,
2014-04-10 00:00:00,United States Citizen Interviewed,POLK COUNTY JAIL,DES MOINES,IOWA,
2014-04-22 00:00:00,United States Citizen Interviewed,STATEVILLE CORRECTIONS,JOLIET,ILLINOIS,
2014-05-03 00:00:00,United States Citizen Interviewed,SAN JOAQUIN COUNTY JAIL,FRENCH CAMP,CALIFORNIA,
2014-05-26 00:00:00,United States Citizen Interviewed,HILLSBOROUGH COUNTY JAIL,TAMPA,FLORIDA,
2014-05-28 00:00:00,United States Citizen Interviewed,DEKALB COUNTY JAIL,DECATUR,GEORGIA,
2014-06-01 00:00:00,United States Citizen Interviewed,LOS ANGELES COUNTY JAIL-TWIN TOWER,LOS ANGELES,CALIFORNIA,
2014-06-02 00:00:00,United States Citizen Interviewed,RANDALL COUNTY JAIL,AMARILLO,TEXAS,
2014-06-13 00:00:00,United States Citizen Interviewed,SOUTH BAY DETENT FACILITY,CHULA VISTA,CALIFORNIA,
2014-06-13 00:00:00,United States Citizen Interviewed,IMPERIAL COUNTY JAIL,EL CENTRO,CALIFORNIA,
2014-07-14 00:00:00,United States Citizen Interviewed,PALM BEACH COUNTY JAIL,WEST PALM BEACH,FLORIDA,
2014-07-20 00:00:00,United States Citizen Interviewed,HILLSBOROUGH COUNTY JAIL,TAMPA,FLORIDA,
2014-07-22 00:00:00,United States Citizen Interviewed,COLEMAN FCI,COLEMAN,FLORIDA,
2014-07-28 00:00:00,United States Citizen Interviewed,DC DEPT OF CORRECTIONS,WASHINGTON,DISTRICT OF COLUMBIA,
2014-07-28 00:00:00,United States Citizen Interviewed,"CAMPHILL SCI, PA",CAMP HILL,PENNSYLVANIA,
2014-07-31 00:00:00,United States Citizen Interviewed,GREENVILLE COUNTY DET CENTER,GREENVILLE,SOUTH CAROLINA,
2014-08-06 00:00:00,United States Citizen Interviewed,BUTNER FED.CORR.INST.,BUTNER,NORTH CAROLINA,
2014-08-06 00:00:00,United States Citizen Interviewed,YAZOO CITY FCI,YAZOO CITY,MISSISSIPPI,
2014-08-15 00:00:00,United States Citizen Interviewed,OTHER-OTHER FACILITY,,,
2014-08-19 00:00:00,United States Citizen Interviewed,ST. LUCIE COUNTY JAIL,FORT PIERCE,FLORIDA,
2014-08-23 00:00:00,United States Citizen Interviewed,CHATHAM CO JAIL,SAVANNAH,GEORGIA,
2014-09-02 00:00:00,United States Citizen Interviewed,MONTEREY CO. JAIL,SALINAS,CALIFORNIA,
2014-09-09 00:00:00,United States Citizen Interviewed,LOS ANGELES COUNTY JAIL-TWIN TOWER,LOS ANGELES,CALIFORNIA,
2014-09-09 00:00:00,United States Citizen Interviewed,SAN DIEGO COUNTY JAIL,SAN DIEGO,CALIFORNIA,
2014-09-10 00:00:00,United States Citizen Interviewed,VIRGINIA BEACH,VIRGINIA BEACH,VIRGINIA,
2014-09-15 00:00:00,United States Citizen Interviewed,DADE COUNTY CORRECTIONAL,MIAMI,FLORIDA,
2014-09-17 00:00:00,United States Citizen Interviewed,ALLENWOOD (LOW) FCI,WHITE DEER,PENNSYLVANIA,
2014-09-18 00:00:00,United States Citizen Interviewed,TRAVIS CTY JAIL,AUSTIN,TEXAS,
2014-09-18 00:00:00,United States Citizen Interviewed,LOS CUST CASE,LOS ANGELES,CALIFORNIA,
2014-09-22 00:00:00,United States Citizen Interviewed,FLORIDA DEPT OF CORR. COR,TALLAHASSEE,FLORIDA,
2014-09-22 00:00:00,United States Citizen Interviewed,DENVER JUSTICE CENTER,DENVER,COLORADO,
2014-09-22 00:00:00,United States Citizen Interviewed,LEXINGTON A&R,LEXINGTON,OKLAHOMA,
2015-01-30 00:00:00,United States Citizen Interviewed,BEXAR COUNTY JAIL,SAN ANTONIO,TEXAS,I247 - Immigration Detainer - Notice of Action (as of March 2013)
2015-05-01 00:00:00,United States Citizen Interviewed,"BLUE EARTH CO. JAIL, MN",MANKATO,MINNESOTA,I247 - Immigration Detainer - Notice of Action (as of March 2013)
2015-07-08 00:00:00,United States Citizen Interviewed,"BEAUMONT FCC, LOW",BEAUMONT,TEXAS,I247D - Immigration Detainer - Request for Action
2015-07-08 00:00:00,United States Citizen Interviewed,"BEAUMONT FCC, LOW",BEAUMONT,TEXAS,I247D - Immigration Detainer - Request for Action
2015-05-14 00:00:00,United States Citizen Interviewed,JESUP FED.CORR.INST.,JESUP,GEORGIA,I247 - Immigration Detainer - Notice of Action (as of March 2013)
2014-10-06 00:00:00,United States Citizen Interviewed,MOSHANNON VALLEY CORRECTIONAL,PHILIPSBURG,PENNSYLVANIA,I247 - Immigration Detainer - Notice of Action (as of March 2013)
2015-02-10 00:00:00,United States Citizen Interviewed,TAFT FED.CORR.INST.,TAFT,CALIFORNIA,I247 - Immigration Detainer - Notice of Action (as of March 2013)
2014-11-19 00:00:00,United States Citizen Interviewed,WASECA FED.CORR.INST.,WASECA,MINNESOTA,I247 - Immigration Detainer - Notice of Action (as of March 2013)
2015-05-26 00:00:00,United States Citizen Interviewed,MULE CREEK STATE PRISON,IONE,CALIFORNIA,I247 - Immigration Detainer - Notice of Action (as of March 2013)
2014-10-20 00:00:00,United States Citizen Interviewed,CHARLESTON COUNTY CORRECT,NORTH CHARLESTO,SOUTH CAROLINA,I247 - Immigration Detainer - Notice of Action (as of March 2013)
2014-11-19 00:00:00,United States Citizen Interviewed,COLQUITT COUNTY JAIL,MOULTRIE,GEORGIA,I247 - Immigration Detainer - Notice of Action (as of March 2013)
2014-11-18 00:00:00,United States Citizen Interviewed,DALLAS COUNTY JAIL,DALLAS,TEXAS,I247 - Immigration Detainer - Notice of Action (as of March 2013)
2014-10-06 00:00:00,United States Citizen Interviewed,DALLAS COUNTY JAIL,DALLAS,TEXAS,I247 - Immigration Detainer - Notice of Action (as of March 2013)
2014-10-12 00:00:00,United States Citizen Interviewed,DALLAS COUNTY JAIL,DALLAS,TEXAS,I247 - Immigration Detainer - Notice of Action (as of March 2013)
2015-05-05 00:00:00,United States Citizen Interviewed,DC DEPT OF CORRECTIONS,WASHINGTON,DISTRICT OF COLUMBIA,I247 - Immigration Detainer - Notice of Action (as of March 2013)
2015-05-11 00:00:00,United States Citizen Interviewed,DENTON COUNTY JAIL,DENTON,TEXAS,I247 - Immigration Detainer - Notice of Action (as of March 2013)
2015-02-10 00:00:00,United States Citizen Interviewed,ERATH COUNTY JAIL,STEPHENVILLE,TEXAS,I247 - Immigration Detainer - Notice of Action (as of March 2013)
2015-03-04 00:00:00,United States Citizen Interviewed,FAIRFAX CO. ADULT DETENTION CENTER,FAIRFAX,VIRGINIA,I247 - Immigration Detainer - Notice of Action (as of March 2013)
2015-03-05 00:00:00,United States Citizen Interviewed,D. RAY JAMES PRISON,FOLKSTON,GEORGIA,I247 - Immigration Detainer - Notice of Action (as of March 2013)
2015-06-16 00:00:00,United States Citizen Interviewed,GWINNETT COUNTY JAIL,LAWRENCEVILLE,GEORGIA,I247 - Immigration Detainer - Notice of Action (as of March 2013)
2014-12-07 00:00:00,United States Citizen Interviewed,HENNEPIN COUNTY ADC,MINNEAPOLIS,MINNESOTA,I247 - Immigration Detainer - Notice of Action (as of March 2013)
2015-03-04 00:00:00,United States Citizen Interviewed,HILLSBOROUGH COUNTY JAIL,TAMPA,FLORIDA,I247 - Immigration Detainer - Notice of Action (as of March 2013)
2015-01-05 00:00:00,United States Citizen Interviewed,HILLSBOROUGH COUNTY JAIL,TAMPA,FLORIDA,I247 - Immigration Detainer - Notice of Action (as of March 2013)
2014-12-17 00:00:00,United States Citizen Interviewed,IOWA MEDICAL CLASSIF CTR,OAKDALE,IOWA,I247 - Immigration Detainer - Notice of Action (as of March 2013)
2015-07-02 00:00:00,United States Citizen Interviewed,LEON COUNTY JAIL,TALLAHASSEE,FLORIDA,I247N - Immigration Advisal - Request for Notification
2015-06-16 00:00:00,United States Citizen Interviewed,LOS ANGELES COUNTY JAIL-TWIN TOWER,LOS ANGELES,CALIFORNIA,I247 - Immigration Detainer - Notice of Action (as of March 2013)
2014-11-06 00:00:00,United States Citizen Interviewed,LOS ANGELES COUNTY JAIL-TWIN TOWER,LOS ANGELES,CALIFORNIA,I247 - Immigration Detainer - Notice of Action (as of March 2013)
2015-02-20 00:00:00,United States Citizen Interviewed,LOS ANGELES POLICE PD 77TH DIV.,LOS ANGELES,CALIFORNIA,I247 - Immigration Detainer - Notice of Action (as of March 2013)
2014-12-07 00:00:00,United States Citizen Interviewed,MAVERICK COUNTY JAIL,EAGLE PASS,TEXAS,I247 - Immigration Detainer - Notice of Action (as of March 2013)
2014-11-14 00:00:00,United States Citizen Interviewed,MCLENNAN COUNTY JAIL,WACO,TEXAS,I247 - Immigration Detainer - Notice of Action (as of March 2013)
2015-04-01 00:00:00,United States Citizen Interviewed,MARICOPA COUNTY JAIL,PHOENIX,ARIZONA,I247 - Immigration Detainer - Notice of Action (as of March 2013)
2015-07-10 00:00:00,United States Citizen Interviewed,MARICOPA CO LOWER BUCKEYE JAIL,PHOENIX,ARIZONA,I247 - Immigration Detainer - Notice of Action (as of March 2013)
2015-05-17 00:00:00,United States Citizen Interviewed,OTHER-OTHER FACILITY,,,I247 - Immigration Detainer - Notice of Action (as of March 2013)
2015-06-19 00:00:00,United States Citizen Interviewed,OTHER-OTHER FACILITY,,,I247 - Immigration Detainer - Notice of Action (as of March 2013)
2015-06-16 00:00:00,United States Citizen Interviewed,OTHER-OTHER FACILITY,,,I247 - Immigration Detainer - Notice of Action (as of March 2013)
2015-06-17 00:00:00,United States Citizen Interviewed,OTHER-OTHER FACILITY,,,I247 - Immigration Detainer - Notice of Action (as of March 2013)
2015-03-25 00:00:00,United States Citizen Interviewed,OTHER-OTHER FACILITY,,,I247 - Immigration Detainer - Notice of Action (as of March 2013)
2015-05-06 00:00:00,United States Citizen Interviewed,"CAMPHILL SCI, PA",CAMP HILL,PENNSYLVANIA,I247 - Immigration Detainer - Notice of Action (as of March 2013)
2015-04-13 00:00:00,United States Citizen Interviewed,POLK COUNTY JAIL,BARTOW,FLORIDA,I247 - Immigration Detainer - Notice of Action (as of March 2013)
2015-05-29 00:00:00,United States Citizen Interviewed,RIVERSIDE COUNTY SHERIFF,RIVERSIDE,CALIFORNIA,I247 - Immigration Detainer - Notice of Action (as of March 2013)
2015-05-29 00:00:00,United States Citizen Interviewed,RIVERSIDE COUNTY SHERIFF,RIVERSIDE,CALIFORNIA,I247 - Immigration Detainer - Notice of Action (as of March 2013)
2015-07-14 00:00:00,United States Citizen Interviewed,ST. BERNARD PARISH JAIL ADULT FACI,CHALMETTE,LOUISIANA,I247N - Immigration Advisal - Request for Notification
2014-12-08 00:00:00,United States Citizen Interviewed,SANTA CLARA CO JAIL/MEN'S,MILPITAS,CALIFORNIA,I247 - Immigration Detainer - Notice of Action (as of March 2013)
2015-07-15 00:00:00,United States Citizen Interviewed,SAN FRANCISCO CO JAIL,SAN FRANCISCO,CALIFORNIA,I247D - Immigration Detainer - Request for Action
2015-04-25 00:00:00,United States Citizen Interviewed,SAN DIEGO COUNTY JAIL,SAN DIEGO,CALIFORNIA,I247 - Immigration Detainer - Notice of Action (as of March 2013)
2015-06-25 00:00:00,United States Citizen Interviewed,SAN DIEGO COUNTY JAIL,SAN DIEGO,CALIFORNIA,I247 - Immigration Detainer - Notice of Action (as of March 2013)
2015-07-07 00:00:00,United States Citizen Interviewed,STANISLAUS COUNTY JAIL,MODESTO,CALIFORNIA,I247D - Immigration Detainer - Request for Action
2014-12-30 00:00:00,United States Citizen Interviewed,GARZA WEST TRANSFER FACILITY,BEEVILLE,TEXAS,I247 - Immigration Detainer - Notice of Action (as of March 2013)
2015-05-28 00:00:00,United States Citizen Interviewed,HOLLIDAY TRANSFER UNIT,HUNTSVILLE,TEXAS,I247 - Immigration Detainer - Notice of Action (as of March 2013)
2015-05-28 00:00:00,United States Citizen Interviewed,HOLLIDAY TRANSFER UNIT,HUNTSVILLE,TEXAS,I247 - Immigration Detainer - Notice of Action (as of March 2013)
2015-05-28 00:00:00,United States Citizen Interviewed,HOLLIDAY TRANSFER UNIT,HUNTSVILLE,TEXAS,I247 - Immigration Detainer - Notice of Action (as of March 2013)
2014-10-15 00:00:00,United States Citizen Interviewed,HUNTSVILLE STATE P.,HUNTSVILLE,TEXAS,I247 - Immigration Detainer - Notice of Action (as of March 2013)
2015-06-26 00:00:00,United States Citizen Interviewed,WASHINGTON COUNTY JAIL,STILLWATER,MINNESOTA,I247 - Immigration Detainer - Notice of Action (as of March 2013)
2014-10-06 00:00:00,United States Citizen Interviewed,WELD COUNTY JAIL,GREELEY,COLORADO,I247 - Immigration Detainer - Notice of Action (as of March 2013)
2014-12-30 00:00:00,United States Citizen Interviewed,"DODGE CORR INSTITUTE, WAU",WAUPUN,WISCONSIN,I247 - Immigration Detainer - Notice of Action (as of March 2013)
